Brand Code,Carb Volume,Fill Ounces,PC Volume,Carb Pressure,Carb Temp,PSC,PSC Fill,PSC CO2,Mnf Flow,Carb Pressure1,Fill Pressure,Hyd Pressure1,Hyd Pressure2,Hyd Pressure3,Hyd Pressure4,Filler Level,Filler Speed,Temperature,Usage cont,Carb Flow,Density,MFR,Balling,Pressure Vacuum,PH,Oxygen Filler,Bowl Setpoint,Pressure Setpoint,Air Pressurer,Alch Rel,Carb Rel,Balling Lvl
D,5.48,24.03333333,0.27,65.4,134.6,0.236,0.4,0.04,-100,116.6,46,0,,,96,129.4,3986,66,21.66,2950,0.88,727.6,1.398,-3.8,,0.022,130,45.2,142.6,6.56,5.34,1.48
A,5.393333333,23.95333333,0.226666667,63.2,135,0.042,0.22,0.08,-100,118.8,46.2,0,0,0,112,120,4012,65.6,17.6,2916,1.5,735.8,2.942,-4.4,,0.03,120,46,147.2,7.14,5.58,3.04
B,5.293333333,23.92,0.303333333,66.4,140.4,0.068,0.1,0.02,-100,120.2,45.8,0,0,0,98,119.4,4010,65.6,24.18,3056,0.9,734.8,1.448,-4.2,,0.046,120,46,146.6,6.52,5.34,1.46
B,5.266666667,23.94,0.186,64.8,139,0.004,0.2,0.02,-100,124.8,40,0,0,0,132,120.2,,74.4,18.12,28,0.74,,1.056,-4,,,120,46,146.4,6.48,5.5,1.48
B,5.406666667,24.2,0.16,69.4,142.2,0.04,0.3,0.06,-100,115,51.4,0,0,0,94,116,4018,66.4,21.32,3214,0.88,752,1.398,-4,,0.082,120,50,145.8,6.5,5.38,1.46
B,5.286666667,24.10666667,0.212,73.4,147.2,0.078,0.22,,-100,118.6,46.4,0,0,0,94,120.4,4010,66.6,18,3064,0.84,732,1.298,-3.8,,0.064,120,46,146,6.5,5.42,1.44
A,5.48,23.93333333,0.243333333,65.2,134.6,0.088,0.14,0,-100,117.6,46.2,0,0,0,108,119.6,4010,66.8,17.68,3042,1.48,729.8,2.894,-4.2,,0.042,120,46,145,7.18,5.46,3.02
B,5.42,24.06666667,0.122666667,67.4,139,0.076,0.1,0.04,-100,121.4,40,0,0,0,108,131.4,,,12.9,1972,1.6,,3.32,-4.4,,0.096,120,46,146,7.16,5.42,3
A,5.406666667,23.92,0.332666667,66.8,138,0.246,0.48,0.04,-100,136,43.8,0,0,0,110,121,4010,65.8,17.7,2502,1.52,741.2,2.992,-4.4,,0.046,120,46,146.2,7.14,5.44,3.1
D,5.473333333,24.02666667,0.256,72.6,144,0.146,0.1,0.02,-100,126.6,40.8,0,0,0,106,120.8,1006,66,22.8,28,1.48,,2.892,-4.2,,0.096,120,46,146,7.78,5.52,3.12
B,5.18,,0.343333333,64,140.8,,0.34,0.04,-100,121.2,46.6,0,0,0,98,120.2,4010,65.4,20.04,3172,0.86,732.8,1.348,-4.2,,0.066,120,46,147,6.52,5.36,1.38
B,5.26,24.08,0.22,63.2,139.6,0.184,0.26,0.2,-100,117.2,46.2,0,0,0,96,118.4,4010,65.8,17.16,3100,0.86,735.8,1.348,-4.2,,0.048,120,46,147,6.5,5.38,1.42
B,5.3,24.06,0.282,65,138.8,0.152,0.12,0,-100,117,45.8,0,0,0,100,119.6,4010,65.4,20.52,2926,0.92,735.6,1.498,-4.8,,0.066,120,46,147,6.54,5.28,1.46
B,5.306666667,23.94,0.288666667,63.8,137.2,0.1,0.18,0.02,-100,122,46.4,0,0,0,100,119.8,4016,65.6,21.44,2954,0.94,736.4,1.548,-4.8,,0.05,120,46,142.4,6.54,5.22,1.44
C,5.273333333,23.97333333,0.320666667,64.6,140,0.08,0.28,0.1,-100,116.4,46.2,0,0,0,92,120.2,4012,67.6,21.08,3074,0.98,738,1.648,-4.2,,0.046,120,46,142.4,6.62,5.26,1.6
,5.253333333,23.88666667,0.319333333,65,140,0.048,0.26,0.02,-100,125.6,43.4,0,0,0,110,130.4,,69,18.16,32,0.8,,1.198,-4.8,,0.16,120,46,142.2,6.52,5.28,1.6
B,5.34,23.98666667,0.253333333,70.4,144.8,0.114,0.12,0,-100,118,45.6,0,0,0,90,119.2,3998,66,18.6,3004,0.88,730.4,1.398,-4,,0.102,120,46,142,6.5,5.36,1.4
B,5.266666667,23.94,0.274666667,65.4,140.2,0.122,0.42,0.06,-100,116.4,46.2,0,0,0,90,120.6,3992,65.8,18.18,3090,0.94,728.6,1.548,-4.4,,0.06,120,46,142.2,6.52,5.3,1.44
D,5.506666667,23.89333333,0.249333333,68.4,138.6,0.058,0.12,0.02,-100,118,46.2,0,0,0,76,120.2,3996,64.2,21.68,2936,1.64,729.8,3.29,-4.2,,0.154,120,46,142.4,7.76,5.62,3.16
B,5.32,23.96,0.190666667,66.4,140.2,0.038,0.04,0,-100,117.8,45.4,0,0,0,92,120,3996,65.4,22.28,2972,0.92,726.8,1.498,-4.4,,0.022,120,46,142.6,6.56,5.38,1.46
B,5.273333333,23.96666667,0.199333333,68.4,141.8,0.008,0.3,0.2,-100,117.2,46,0,0,0,94,120.2,3998,65.6,24.02,3094,0.92,732,1.498,-4.4,,0.022,120,46,142.4,6.58,5.4,1.46
B,5.533333333,23.98666667,0.246666667,70.4,142.2,0.062,0.08,,-100,121,47.6,0,0,0,118,120,2834,67.4,13.56,3154,0.7,523.4,0.946,-4.4,,0.054,120,46,141.8,6.5,5.48,1.36
A,5.426666667,23.98666667,0.255333333,69,140.4,0.122,0.48,0.04,-100,121.2,38.8,0,0,0,,131.4,1386,66.4,19.32,868,1.56,,3.092,-4.4,,0.022,120,46,142.8,7.08,5.54,3.18
B,5.406666667,23.94,0.329333333,66.2,137.8,0.208,0.46,0.02,-100,130.6,44.6,0,0,0,96,119,4002,67,17.52,2592,0.88,731.4,1.398,-4,,0.022,120,46,142.8,6.5,5.46,1.4
B,5.453333333,24.09333333,0.235333333,66.4,136.2,0.072,0.06,0.06,-100,125.2,46.4,0,0,0,94,120.2,4010,66.4,20.38,2996,0.9,736.8,1.448,-4.6,,0.024,120,46,142.6,6.5,5.38,1.4
C,5.266666667,23.94666667,0.276666667,64.8,139.2,0.048,0.18,0.02,-100,116.6,46.2,0,0,0,90,120.6,4014,66,24.12,3060,0.9,738.6,1.448,-4.4,,0.022,120,46,142.2,6.54,5.32,1.4
C,5.253333333,23.99333333,0.293333333,70.4,146.4,0.04,0.14,0.02,-100,122.2,46,0,0,0,102,119.8,4012,66.8,17.54,3136,0.94,741.2,1.548,-4.2,,0.022,120,46,142.2,6.62,5.34,1.52
D,5.5,24.04666667,0.246666667,71,141.8,0.04,0.02,0,-100,120.4,46.4,0,0,0,78,119.4,4010,65.6,18.12,3194,1.64,735.2,3.29,-3.8,,0.174,120,46,142,7.74,5.66,3.28
D,5.48,23.89333333,0.224666667,70.4,140.8,,0.34,0.06,-100,120.2,50.4,0,0,0,80,120,4010,64.8,16.94,3162,1.66,740.8,3.34,-3.8,,0.022,120,50,142,7.74,5.62,3.24
D,5.486666667,23.98,0.306666667,69.6,140,0.234,0.16,0.02,-100,122.6,47,0,0,0,78,120.2,4010,64.6,17.04,2982,1.66,733.8,3.34,-4,,0.024,120,46,141.8,7.74,5.62,3.26
D,5.466666667,24.04,0.23,70.2,141.2,0.004,0.1,0.04,-100,120.2,46.6,0,0,0,78,120.4,4010,65.4,23.44,3182,1.68,732.4,3.39,-4,,0.066,120,46,142,7.72,5.56,3.28
D,5.46,24.04666667,0.278,70.8,141.8,0.174,0.62,0.1,-100,125.6,40,0,0,0,104,121.8,1008,70.6,19.22,32,1.42,,2.75,-4.2,,0.024,120,46,141.8,7.72,5.58,3.28
B,5.32,,0.268666667,64.4,137,0.068,0.1,0.04,-100,120.4,46.8,0,0,0,104,119.2,4018,66,18.04,3190,0.92,733.6,1.496,-4.2,,0.022,120,46,142.4,6.5,5.38,1.5
B,5.313333333,,0.318666667,64.2,136.8,0.218,0.44,0.04,-100,118.2,45.8,0,0,0,100,120.4,4014,65.2,22.02,2862,0.9,729.8,1.448,-4.2,,0.022,120,46,142,6.5,5.36,1.52
B,5.266666667,,0.28,73.2,149.8,0.04,0.24,0.04,-100,124.6,44.8,0,0,0,102,121,3990,65,16.72,3122,0.92,724.2,1.498,-4,,0.036,120,46,141.6,6.52,5.34,1.56
A,5.486666667,24.10666667,0.198666667,75,146.4,0.086,0.28,0.04,-100,114.8,46.2,0,0,0,100,120.2,4016,65.4,17.76,3048,1.5,732.8,2.942,-4,,0.022,120,46,142,7.16,5.44,3
A,5.46,23.98,0.204666667,65.8,136.6,0.01,0.04,0.06,-100,116.8,45.6,0,0,0,100,119.2,4010,66.2,17.76,3080,1.5,730,2.942,-3.6,,0.022,120,46,142.6,7.14,5.54,3.08
A,5.44,23.92,0.236,69.4,142,0.05,0.16,0.08,-100,116.4,46,0,0,0,98,120.8,4012,66.4,21.46,3102,1.52,731.8,2.992,-3.6,,0.022,120,46,142.4,7.14,5.56,3.06
D,5.48,23.90666667,0.178666667,70.4,141,0.09,0.22,0.04,-100,118,46,0,0,0,74,120.8,4012,65,19.68,2900,1.7,732.2,3.44,-4.4,,0.052,120,46,142.6,7.68,5.58,3.32
D,5.473333333,23.92,0.347333333,74.2,145.2,,0.5,0.08,-100,125.8,46.8,0,0,0,78,123.2,4010,65.2,16.74,2880,1.72,745.4,3.49,-4.4,,0.05,120,46,141.8,7.7,5.6,3.32
D,5.526666667,23.98666667,0.222,70.8,140.6,0.102,0.24,0.08,-100,132.8,45.6,0,0,0,76,119,4020,65.6,16.92,3350,1.72,740,3.49,-4.4,,0.042,120,46,142.8,7.7,5.62,3.34
B,5.38,24.06666667,0.288,66.8,139,0.058,0.18,0.04,-100,124.8,46,0,0,0,94,119,4018,66,,3020,0.94,720.4,1.548,-4.6,,0.024,120,46,143.2,6.52,5.5,1.38
C,5.313333333,24.10666667,0.314666667,66.4,139.8,0.08,0.1,0.1,-100,133.4,45.8,0,0,0,92,120,3982,66.4,20.28,2726,0.9,726.6,1.448,-5,,0.022,120,46,142.6,6.66,5.38,1.34
C,5.346666667,23.95333333,0.321333333,65.6,139.2,0.048,0.22,0.08,-100,130.4,46,0,0,0,90,119,3980,68.2,20.88,3276,0.94,731.6,1.548,-5,,0.022,120,46,142.6,6.58,5.4,1.38
B,5.366666667,23.94666667,0.343333333,67.8,141.2,0.076,0.1,0.04,-100,114.6,46.2,0,0,0,100,119.8,4010,65.6,19.72,3042,0.94,724.4,1.548,-5.4,,0.024,120,46,141.4,6.56,5.4,1.42
D,5.546666667,23.95333333,0.276,68.2,136.8,0.07,0.14,0.04,-100.2,114,46.2,0,0,0,78,119.8,4012,64.6,19.82,3040,1.74,721.8,3.538,-5,,0.036,120,46,142.8,7.7,5.62,3.28
D,5.526666667,23.96666667,0.270666667,71.6,141.4,0.078,0.04,0.04,-100.2,115.6,46.2,0,0,0,76,122.8,4008,64,18.78,2950,1.76,759,3.588,-5.2,,0.036,120,46,142.8,7.7,5.62,3.3
B,5.32,23.89333333,0.277333333,67.6,140.4,0.112,0.18,0.08,-100,114.2,45.8,0,0,0,96,119.4,4010,65.4,17.34,3032,0.94,745.6,1.548,-4.8,,0.024,120,46,141.8,6.58,5.4,1.48
A,5.42,23.92,0.288666667,74.2,147.6,0.058,0.16,0,-100.2,126.8,46,0,0,0,104,120,4012,66.8,21.2,3010,1.62,731,3.242,-5.2,,0.024,120,46,142.4,7.12,5.52,3.1
A,5.38,23.93333333,0.304,69.4,143,0.02,0.22,0.04,-100.2,126.8,45.6,0,0,0,112,120.8,4010,65.8,18.5,2962,1.56,742,3.092,-4.8,,0.024,120,46,142.4,7.14,5.5,3.06
D,5.546666667,23.94,0.438,65.6,133.6,,0.12,0.02,-100,117.4,45.8,0,0,0,72,116.6,3984,65.4,,3016,1.78,736.2,3.638,-5.2,,0.07,120,46,142.4,7.7,5.64,3.38
B,5.313333333,23.96666667,0.312,63.4,136.8,0.164,0.28,0.06,-100,119.2,49.8,0,0,0,100,119.6,4010,65.6,16.34,3182,0.9,726.2,1.448,-4.8,,0.022,120,50,142.6,6.58,5.38,1.42
B,5.386666667,24.09333333,0.288666667,63,134,0.046,0.3,0.02,-100.2,122.6,54.6,0,0,0,128,115.4,1232,65.8,18.98,3740,0.8,,1.198,-5.2,,0.122,120,46,142,6.56,5.38,1.48
B,5.266666667,23.90666667,0.338,63.4,136.4,0.16,,0.06,-100.2,115.4,45.8,0,0,0,96,119.2,4010,65.2,19.24,3038,0.9,735.4,1.448,-5,,0.024,120,46,142.8,6.58,5.36,1.48
B,5.286666667,23.98,0.248666667,69,143.8,0.004,0.16,0.12,-100.2,122,45.8,0,0,0,98,120,4010,65.2,18.42,2966,0.88,734.6,1.398,-5,,0.024,120,46,143,6.58,5.36,1.48
D,5.513333333,24.07333333,0.226,68.8,138.4,0.024,0.12,0.02,-100.2,113.6,46.2,0,0,0,76,120.6,4012,65.4,14.04,3002,1.72,759,3.49,-5,,0.042,120,46,143,7.72,5.58,3.28
C,5.226666667,23.95333333,0.353333333,66.4,142.8,0.15,0.14,0.06,-100,120.6,46.2,0,0,0,98,119.6,3988,67.4,21.1,2968,0.94,741.2,1.548,-5.4,,0.12,120,46,142.4,6.54,5.3,1.32
C,5.38,24.01333333,0.274,68.6,141.6,0.14,0.24,0.04,-100.2,125.6,46,0,0,0,110,120.4,3942,66.8,22.9,3054,0.92,715,1.496,-5,,0.068,120,46,142.8,6.6,5.4,1.48
B,5.34,23.96666667,0.313333333,69.6,143,0.134,0.32,0.06,-100.2,119,46,0,0,0,102,119.2,3982,67.8,16.78,2980,0.86,722,1.348,-5,,0.066,120,46,141.2,6.56,5.42,1.38
B,5.346666667,23.99333333,0.257333333,68,141.2,0.05,0.02,0.02,-100.2,119.2,46.2,0,0,0,96,119.4,3980,65.2,20.28,2994,0.86,734.4,1.348,-4.6,,0.042,120,46,142,6.56,5.4,1.42
B,5.333333333,24.00666667,0.308,67.4,140.6,0.07,0.02,0.02,-100.2,127,46,0,0,0,98,121.2,3984,65.4,14.28,2994,0.82,731.2,1.248,-4.4,,0.058,120,46,142.4,6.54,5.38,1.42
B,5.28,23.96,0.260666667,64.6,138.6,0.094,0.18,0.04,-100.2,119.4,46.4,0,0,0,104,121,3984,65,19.88,2988,0.92,728.8,1.498,-4.8,,0.058,120,46,142.6,6.54,5.34,1.44
D,5.49,23.82,0.264666667,68.6,138.6,0.018,0.16,0.02,-100.2,126.6,46,0,0,0,84,119.2,3990,65.4,21.4,2988,1.62,727,3.24,-4.4,,0.092,120,46,143,7.72,5.64,3.26
B,5.24,24.18666667,0.152666667,69.2,144.2,0.032,0.12,0.12,-100.2,130.6,45.8,0,0,0,96,119.8,3986,64.8,21.82,2996,0.88,726.2,1.398,-4.4,,0.146,120,46,142.8,6.52,5.42,1.44
B,5.306666667,23.94,0.276666667,62.8,135.4,0.086,0.4,0.04,-100.2,130,46.2,0,0,0,100,120.6,3980,65.6,20.56,2988,0.92,734,1.498,-4.2,,0.108,120,46,142.6,6.54,5.4,1.54
B,5.326666667,23.99333333,0.284666667,70,144.8,0.092,0.18,0.02,-100.2,124.8,49.8,0,0,0,102,125.4,1008,65.4,24.06,3032,0.98,641.2,1.648,-4.8,,0.05,120,46,142.8,6.52,5.38,1.5
B,5.3,23.95333333,0.321333333,68.6,143.4,0.05,0.06,0,-100.2,122.2,46.2,0,0,0,96,120,3984,67.4,24.06,2990,1,723.4,1.698,-5.4,,0.158,120,46,142.8,6.54,5.4,1.44
B,5.326666667,23.90666667,0.298666667,66,139.2,0.064,0.3,0.08,-100,124.8,46,0,0,0,98,119.8,3982,67.2,24.06,2980,1,726.6,1.698,-5.4,,0.138,120,46,142.6,6.52,5.42,1.46
B,5.293333333,23.86,0.322,73.4,150,0.034,0.3,0.02,-100.2,121,46.2,0,0,0,98,120.4,3984,66.6,19.56,2988,0.98,733.2,1.646,-5.6,,0.132,120,46,142.2,6.52,5.42,1.44
B,5.16,23.89333333,0.314,61.6,138,0.072,0.12,0.14,-100.2,118.8,46,0,0,0,100,120.2,3986,67.2,16.46,3010,0.98,727.6,1.648,-5.4,,0.172,120,46,142.2,6.5,5.4,1.44
C,5.26,24.06,0.288666667,65.2,138.8,0.068,0.06,0.12,-100,121.8,49.6,0,0,0,120,113.2,1172,68.2,23.26,3684,0.74,232.4,1.048,-5.2,,0.22,120,48,142.4,6.64,5.28,1.32
C,5.213333333,24,0.34,64.6,142.2,0.04,0.2,0.12,-100.2,124.2,48.2,0,0,0,100,119.2,3984,65.6,21.14,3064,0.94,731.6,1.548,-5.4,,0.126,120,48,142.6,6.64,5.32,1.42
D,5.413333333,23.98666667,0.310666667,74.2,147.6,0.01,0.06,0.02,-100.2,124.2,48,0,0,0,80,119.4,3988,66.8,23.58,3030,1.82,732,3.738,-5.8,,0.086,120,48,143.4,7.7,5.6,3.32
D,5.5,24.1,0.338666667,71.2,141.4,0.032,0.44,0.04,-100,116,48,0,0,0,76,116.8,3984,66,20.1,3104,1.82,720.4,3.738,-5.8,,0.116,120,48,143,7.7,5.62,3.34
A,5.413333333,23.99333333,0.335333333,61.8,132.6,0.098,0.18,0.06,-100.2,120.8,47.8,30.2,33,35,98,110.2,3786,65.8,19.88,3156,1.7,687.8,3.44,-5.6,,0.068,110,48,142.6,7.04,5.52,3.26
A,5.34,24.00666667,0.335333333,67.2,140,0.06,0.1,0.1,-100.2,117.2,48,37,34.8,38.6,92,110.4,3984,66.2,24.24,3380,1.7,724.2,3.44,-5.6,,0.06,110,48,142.6,7.1,5.52,3.14
D,5.533333333,23.96,0.292,73,143.4,0.018,0.1,0.02,-100.2,113.2,60.2,34.4,35.6,26.4,82,113.4,3600,64.2,16.2,3486,1.8,643.8,3.686,-5.8,,0.044,130,,142.4,7.68,5.64,3.36
B,5.26,23.98666667,0.34,68.4,144,0.072,0.08,0,-100,116,54,1.4,3.8,8,116,126,2354,66.2,16.26,3568,0.84,573.6,1.298,-5,,0.076,130,48,142.4,6.56,5.38,1.36
D,5.466666667,24.04666667,0.268,71.4,143.2,0.028,0.18,0.06,-100.2,125.8,48,22.4,39.6,31.4,80,120,3790,65.4,20.32,3272,1.72,688.8,3.49,-5.4,,0.058,120,48,142.8,7.72,5.62,3.24
D,5.486666667,23.99333333,0.259333333,75.4,147.6,0.038,0.08,0.02,-100,122.2,48,20,38.4,30.8,80,121.6,3792,65,22.94,3472,1.78,671.6,3.638,-5.4,,0.052,120,48,142.6,7.7,5.66,3.3
B,5.24,23.93333333,0.324666667,67.2,142.8,0.072,0.08,0,-100,133.4,46,19.6,39.8,28.4,108,120.2,3792,65.4,19.58,3308,0.94,680.6,1.548,-5.4,,0.07,120,46,143.2,6.56,5.36,1.38
C,5.26,23.96666667,0.326,65,139.6,0.024,0.04,0,-100.2,117,48.2,34.2,30.6,21.8,100,119.8,3716,67,16.44,3088,0.8,676.4,1.196,-4.4,,0.168,120,48,142.6,6.64,5.34,1.26
C,5.213333333,23.78666667,0.398666667,69.8,146.6,0.072,0.26,0.06,-100.2,122.6,47.8,39.6,31.6,23.6,106,120.2,3716,67,18,3074,0.78,666.4,1.146,-4.4,,0.17,120,48,142.6,6.66,5.36,1.26
C,5.2,23.90666667,0.361333333,68.2,145.2,0.014,0.04,0,-100.2,118.2,52.6,39.6,30,19.8,124,117.6,3196,66.8,21.16,3530,0.8,569,1.196,-4.4,,0.09,120,48,142.8,6.64,5.3,1.32
B,5.226666667,24.04666667,0.262666667,71.2,148.6,0.07,,0.1,-100.2,125.4,42.4,0,0,0,130,121.6,,68.8,19.56,252,0.78,,1.148,-4.2,,,120,48,142.4,6.56,5.66,1.44
B,5.273333333,24.10666667,0.404666667,65.2,140,0.124,0.1,0.02,-100.2,129,42.4,0,0,0,122,120.4,1008,65.8,21.8,278,0.84,,1.298,-5,,0.068,120,48,142.2,6.52,5.32,1.42
D,5.506666667,23.98666667,0.259333333,70.6,140.2,0.052,0.1,0.08,-100.2,121.4,46,38.2,30.8,23.2,80,118.6,3898,63.8,19.84,2956,1.68,730,3.39,-5,,0.046,120,46,142.8,7.74,5.6,3.18
B,5.266666667,23.88666667,0.348,67.2,141.2,0.03,0.32,0.24,-100,122.8,48,30.8,33,25.2,98,119.6,3804,66.6,17.32,3006,0.98,692,1.646,-5.8,,0.066,120,48,142.2,6.56,5.38,1.44
A,5.326666667,23.92,0.266,73.6,149.4,0.11,0.22,0.06,-100.2,122.4,52,0.4,15.2,13.8,120,121.4,1522,71.6,17.74,3824,1.5,313,2.95,-5.8,,0.194,120,50,143.8,7.08,5.32,2.86
B,5.253333333,24.09333333,0.329333333,66,141.4,0.036,0.14,0.04,-100.2,123.2,48,34,30.4,21.4,98,120,3806,65.4,16.84,3106,0.92,693.2,1.498,-5.4,,0.082,120,48,143.4,6.58,5.36,1.4
A,5.34,,0.231333333,68,140.6,0.044,0.08,0.12,-100.2,120.8,52.4,34.4,32.2,23.6,94,125.4,3810,68.4,21.54,3858,1.46,696.6,2.846,-5.2,,0.084,130,50,143.4,7.18,5.7,2.84
A,5.66,23.79333333,0.332,76,143.8,0.194,,0.1,-100,,,-50,-50,-50,,,,,20.16,0,0.06,,3.48,,,,,46,,,,0
A,5.366666667,23.87333333,0.316666667,77.4,152.2,0.042,0.16,0.02,-100.2,119.2,46,39,34.6,30,122,120.8,3690,69,17.94,2946,1.64,667.8,3.294,-5.8,,0.354,120,46,143.2,7.1,5.62,3
A,5.46,24.01333333,0.368,66,136.6,0.066,0.32,0.04,-100,122.8,51,0,0.2,0,68,122.2,1006,67.6,22.16,44,1.6,,3.192,-5.8,,0.398,120,46,143,7.12,5.58,3
D,5.54,23.91333333,0.299333333,70.8,140.4,0.04,0.06,0.04,-100.2,120.4,40.6,0,0.2,0,124,125,1010,75.4,19.44,44,1.6,,3.212,-5.4,,0.186,120,46,142.2,7.7,5.68,3.28
B,5.346666667,23.96666667,0.31,67.6,140.8,0.132,0.22,0.04,-100.2,116.4,46,29.8,34,23.4,96,120,3880,65.2,19.38,3078,0.98,700.6,1.648,-5.4,,0.072,120,46,142.8,6.58,5.4,1.48
D,5.486666667,23.84666667,0.348,73.6,146,0.112,0.38,0.06,-100,122.4,56,0,0.2,0,98,146.6,,64.4,22.62,46,1.68,,3.39,-5.6,,0.04,120,46,142.2,7.72,5.6,3.26
B,5.286666667,23.96666667,0.368,67.4,143,0.09,0.04,0.08,-100.2,115.8,46,22.6,35.8,32.6,96,119.6,4012,65.8,21.78,3038,0.98,731,1.648,-5.2,,0.07,120,46,142.4,6.58,5.36,1.44
A,5.426666667,24.13333333,0.447333333,60.4,134.6,0.166,0.6,,-100.2,119,51.8,43.2,34.2,34.8,118,120.4,3896,66.2,18.24,3256,1.54,703.4,3.042,-4.6,,0.058,120,52,142,7.14,5.54,3.04
A,5.406666667,24.09333333,0.317333333,64.4,135.8,0.13,0.32,0.06,-100.2,116.4,51.8,38,35,35,82,118.6,3898,66,17.52,3206,1.58,723.4,3.142,-4.8,,0.066,120,52,142.4,7.1,5.5,3.04
D,5.426666667,23.97333333,0.188,69.2,141.8,0.038,0.3,0.12,-100.2,122.8,46.8,0,0.2,0,114,121,1008,69.2,13.4,42,1.66,,3.344,-5,,0.058,120,52,143,7.72,5.44,3.24
D,5.446666667,23.94666667,0.33,70.8,143.2,0.082,0.22,0.06,-100.2,118.2,46,29.2,36.2,33,72,119.4,4020,66.2,18.06,3004,1.64,731.4,3.29,-5,,0.104,120,46,142.4,7.78,5.56,3.1
B,5.293333333,23.86666667,0.28,70.6,145.8,0.04,0.16,0.02,-100.2,116.8,46,25.8,56.4,21.2,98,119.6,3904,65.2,17,3132,0.92,712,1.498,-5.2,,0.108,120,46,142.6,6.52,5.38,1.44
B,5.366666667,23.96,0.370666667,64,136.6,0.176,0.2,0.06,-100.2,119.2,46,16.8,27.6,21.4,96,120,3898,64.8,18.9,3108,0.9,710.6,1.448,-5.4,,0.116,120,46,142.4,6.56,5.36,1.36
B,5.36,24.01333333,0.284666667,67.6,141,0.016,0.08,0.04,-100.2,125.4,46,24.6,26.8,20.4,106,119.4,3902,65.4,22.48,3178,0.9,707,1.448,-4.8,,0.08,120,46,142,6.54,5.36,1.42
B,5.34,23.96666667,0.338666667,62.6,133,0.074,0.18,0.16,-100.2,125,46,32.6,26.6,23.2,104,120,3896,64.8,20.16,3174,0.9,711.2,1.448,-4.8,,0.052,120,46,142.4,6.54,5.4,1.36
C,5.22,24.12666667,0.290666667,71,149.2,0.074,0.02,0.08,-100.2,126,46,32.6,61.4,34.8,102,119.8,3894,67,20.98,3286,0.9,706,1.448,-5,,0.184,120,46,142.8,6.56,5.44,1.38
C,5.186666667,23.82,0.333333333,65.4,140.8,0.05,0.2,0.12,-100,121.6,45.8,21.8,24,29.6,94,120.6,4002,69.2,18.44,3234,0.98,727.8,1.648,-5.4,,0.122,120,46,143,6.6,5.32,1.44
C,5.286666667,23.94666667,0.378666667,63.4,136.8,0.094,0.12,0.02,-100,123.4,46.2,11.8,19.4,24.2,96,119.8,3908,66.8,20.2,3310,0.94,709,1.548,-5.4,,0.116,120,46,141.8,6.56,5.32,1.38
C,5.213333333,23.82,0.305333333,63,137,0.18,0.22,0.08,-100,127.6,54.8,0,0,0,118,122.6,1006,65.8,16.24,44,0.94,,1.548,-5.4,,0.088,120,46,142.2,6.5,5.3,1.5
B,5.286666667,23.87333333,0.366666667,64.8,138.6,0.096,0.28,0.04,-100,117.2,46.2,28.6,40.4,32.4,92,119.4,3896,66.2,20.68,3112,0.94,728.4,1.548,-5.8,,0.074,120,46,142,6.58,5.38,1.34
B,5.28,23.86666667,0.346,64.6,138.4,0.054,0.18,0.04,-100.2,116.8,46,29.2,39.2,30.8,90,119.4,3894,65.8,20.56,3136,0.94,712.8,1.548,-5.8,,0.072,120,46,142.6,6.54,5.38,1.34
D,5.513333333,23.9,0.368666667,68.4,137.2,0.154,0.36,0.08,-100.2,123.2,46,36.4,32.2,28,74,121.4,3904,67.8,24.34,3196,1.62,708.8,3.242,-5,,0.06,120,46,142.2,7.8,5.68,3.08
D,5.493333333,23.88,0.312666667,68.6,138.8,0.022,0.14,0.02,-100.2,120.2,46,34.4,36.4,22.8,78,119.4,3800,65.6,16.82,3182,1.62,688.4,3.24,-5.4,,0.054,120,46,142.4,7.8,5.62,3.04
B,5.26,23.84,0.348666667,65.6,140.8,0.056,0.1,0.04,-100.2,127.4,40,0,0.2,0,120,153.2,,67.8,20.6,1962,0.8,,1.196,-5.6,,0.116,120,46,142,6.52,5.38,1.26
B,5.266666667,23.90666667,0.332666667,64,138.6,0.066,0.16,0.12,-100,120,45.8,29.8,40.2,26.2,94,121.2,3914,65.8,17.66,3062,0.92,708.4,1.496,-5.4,,0.0056,120,46,142,6.52,5.44,1.38
B,5.28,23.86666667,0.356,62.2,134.2,0.09,0.14,0.1,-100.2,121.4,46,28.8,40.6,26.6,102,119.6,3908,66,22.88,3078,0.92,713.6,1.496,-5.4,,0.0088,120,46,142.2,6.5,5.4,1.4
D,5.486666667,23.89333333,0.248666667,75,146.8,0.066,0.1,0.04,-100.2,125.6,50.4,0,0.2,0,114,118.4,,65.4,24.6,44,1.6,15.6,3.192,-5.2,,0.0052,120,46,141.6,7.74,5.56,3.16
B,5.34,23.96,0.277333333,63.8,135.2,0.052,0.14,0.06,-100.2,117,46,39.8,33.8,30,96,119.4,3892,65.4,16.02,3106,0.88,710,1.398,-5,,0.0076,120,46,141.8,6.54,5.4,1.36
B,5.293333333,23.98666667,0.262666667,66,140.2,0.062,0.18,0.02,-100.2,116.8,46,45.2,35.2,32.8,98,119.2,3896,66.2,18.98,3118,0.94,716.8,1.548,-4.8,,0.0114,120,46,142.4,6.56,5.36,1.44
B,5.26,23.87333333,,67,143.2,0.218,0.22,0.06,-100.2,118.6,46,40.6,35,30.6,96,119.8,3998,65.6,21.84,3024,0.98,731.6,1.648,-5.4,,0.0088,120,46,142.6,6.56,5.34,1.46
B,5.253333333,23.87333333,0.266666667,73.4,150.2,0.124,0.18,0.02,-100,117.4,46,12.6,47.8,31,100,119.6,3908,65.8,24.2,3060,0.92,711.2,1.496,-5.6,,0.007,120,46,142.8,6.58,5.36,1.38
B,5.273333333,23.95333333,0.252666667,70,145.6,0.072,0.1,0.02,-100.2,120.4,46.2,10.8,47.2,29.4,94,119.8,3908,66,16.3,3070,0.92,716.6,1.496,-5.6,,0.007,120,46,142.2,6.58,5.36,1.38
B,5.24,23.88,0.322666667,73,150.2,0.088,0.08,0,149,119,46,14.8,44,26.6,92,120,3910,65.4,19.12,3104,0.92,714.2,1.498,-5.2,,0.0084,120,46,142.2,6.58,5.36,1.36
B,5.38,24.05333333,0.289333333,67.6,140,0.098,0.12,0.04,186.6,116.2,45.8,41.2,34.4,36.2,94,121.6,3916,66,16.34,3070,0.86,718.2,1.348,-5.2,,0.0066,120,46,142.4,6.62,5.38,1.32
A,5.453333333,23.84666667,0.382666667,67.4,139.2,0.09,0.26,0.08,113.8,117,45.6,15.6,23.8,17.4,104,116.4,3040,66.6,15.8,3232,1.52,490.6,2.992,-5.6,,0.005,120,46,142.4,7.24,5.52,2.96
,5.153333333,23.96666667,0.372,60.4,135.2,0.026,0.12,0.04,220.4,121,46,47.4,21.6,38.6,80,119.8,3906,68.8,16.52,3058,1,712.2,1.698,-5.4,,0.0094,120,46,142.8,6.56,5.26,1.46
C,5.313333333,23.94666667,0.349333333,71.6,147,0.102,0.24,0.08,166.4,119.8,39.8,33.2,31.2,16.4,100,120,3796,66.8,18.84,2868,1.04,686.6,1.796,-5.4,,0.0184,120,,142.8,6.64,5.42,1.64
D,5.546666667,23.85333333,0.34,73.8,144.8,0.042,0.02,0.06,199,116.2,46.2,45.4,34.4,21.4,76,118.8,4010,65.8,17.18,3000,1.64,729.8,3.29,-5.4,,0.008,120,46,142.8,7.78,5.7,3.04
D,5.44,23.88666667,0.437333333,66.6,136.6,0.158,0.26,0.08,197.2,114.4,46,39,35,21.4,74,121.2,4010,66.2,17.42,2982,1.68,733.4,3.39,-5.4,,0.0088,120,46,142.4,7.76,5.6,3.06
B,5.333333333,23.88,,65,137.8,0.136,0.06,0.02,187.6,118,46,40.8,26,19.2,94,120.4,3894,65.8,16.08,3040,0.86,711.2,1.348,-5.4,,0.0072,120,46,142.2,6.58,5.38,1.22
B,5.333333333,24.00666667,,68.6,142.4,0.144,0.18,0.02,192.6,117,46.2,33.8,30,21.2,92,120,3804,65.4,16.1,3078,0.84,695.2,1.298,-5.2,,0.0098,120,46,141.6,6.58,5.36,1.3
D,5.533333333,23.83333333,0.348,71,142.2,0.068,0.12,0.1,0.2,119.8,44.4,0,0.2,0,110,143.6,1010,68.4,22.94,40,1.48,,2.894,-5.8,,0.0264,130,50,142.4,7.78,5.64,3.06
C,,23.94666667,0.394666667,61.8,136.2,0.234,0.12,,99.6,117.4,50.2,3.2,24.2,31.4,100,130.4,3598,65.8,18.64,3220,0.94,654.8,1.548,-5.8,,0.0108,130,50,142.6,6.6,5.3,1.44
A,5.466666667,23.74666667,0.464,67.2,137.2,0.192,0.14,0.04,90.6,113,50,2.6,21.8,29.4,112,130.2,3598,68.4,19.02,3216,1.64,657,3.294,-5.8,,0.0114,130,50,142,7.18,5.54,2.98
A,5.453333333,23.96666667,0.388666667,68.8,140.6,0.022,0.12,0.06,141.2,132,50.4,36,32.4,31.2,118,100.6,3598,66.4,17.2,3426,1.56,658.6,3.092,-5.2,,0.0194,100,50,143.2,7.18,5.52,2.96
D,5.473333333,23.92666667,0.307333333,72.4,144.2,0.188,0.18,0.02,0.2,127.4,49.6,0,0.2,0,112,127.4,,69.8,19.68,34,1.56,,3.096,-4.6,,0.0466,120,46,142.4,7.76,5.64,3.02
D,5.493333333,23.84666667,0.348,75.2,147.8,0.154,0.18,0.06,145.6,,46,50,30.8,33,82,120.8,3608,67.6,23.14,3042,1.62,662.8,3.242,-4.6,,0.0434,120,46,142.4,7.76,5.72,3.08
D,5.44,23.92666667,0.372,72.2,144.6,0.094,0.14,0,113.6,,45.4,28.2,23.2,28.4,84,120,3598,67.4,22.7,3050,1.62,657,3.242,-4.6,,0.0436,120,46,141.8,7.76,5.64,3.04
D,5.466666667,23.9,0.410666667,72.8,144.2,0.072,0.12,0.08,105.2,,45.6,23,22,27.6,82,120.2,3598,67.2,16.88,3056,1.66,656.6,3.342,-5,,0.0468,120,46,142.2,7.74,5.66,3.08
B,5.28,23.96666667,0.386,62.6,136.4,0.19,0.14,0.04,90.2,128,50.2,2.2,26.2,28.8,100,80,3614,67.2,21.3,3310,0.98,655.4,1.648,-5.8,,0.0454,80,50,142.8,6.54,5.34,1.34
B,5.313333333,23.98,0.322666667,66.2,139.8,0.152,0.34,0.02,86.8,126.2,50.4,1.6,25.4,27,98,85.8,3614,65.4,16.24,3188,0.98,735.4,1.648,-5.6,,0.052,90,50,143,6.56,5.32,1.32
B,5.326666667,24.06,0.217333333,66.8,139.8,0.018,0.26,0.06,102,122.6,50,8,25.6,35.2,100,79.8,3696,65.6,23.18,3308,0.96,675.4,1.596,-5.6,,0.0572,80,50,141.8,6.58,5.32,1.34
B,5.286666667,23.95333333,0.217333333,63.4,136.6,0.066,0.16,0.04,73.4,120.4,53.6,2.2,17.6,25.8,114,77.8,2722,65,18.32,3630,0.94,501,1.548,-5.8,,0.0374,80,50,142.2,,5.26,0
A,5.426666667,23.95333333,0.334,72.8,146,0.078,0.2,0.04,106.8,122.4,50.2,9.6,25.8,37.6,78,79.4,3898,66,23.38,3202,1.72,706.2,3.49,-6.2,,0.0322,80,50,142.4,7.14,5.5,3.06
A,5.4,23.94,0.338666667,69.2,142,0.01,0.3,0.04,111.2,126.8,50,11.2,26.8,38.4,82,79.4,3986,66.4,16.46,3218,1.76,721.8,3.588,-6.2,,0.033,80,50,142.4,7.14,5.5,3.1
A,5.413333333,23.88,0.306,69.2,141.4,0.07,0.04,0.02,112.4,124.6,49.8,9.4,26.6,40.8,82,85.2,3910,66.4,21.68,3200,1.76,692,3.588,-6.2,,0.0332,80,50,141.8,7.14,5.5,3.08
B,5.306666667,24.01333333,0.266,63,135.4,0.074,0.04,0.02,110.4,124.6,49.6,11.8,24.2,40.4,98,80.6,3794,65.6,20.28,3116,1.04,690.6,1.796,-6.2,,0.0364,80,50,146.6,6.58,5.34,1.38
B,5.333333333,23.94666667,0.286666667,68,142.4,0.048,0.22,0.06,0.2,133.4,57.2,0,0.2,0,128,104.4,1006,65.6,23.72,86,0.92,,1.498,-5.8,,0.0444,80,50,145.8,6.54,5.32,1.36
B,5.313333333,23.91333333,0.343333333,67.2,140.8,0.17,0.24,0.06,109.6,124.8,50.4,12.8,26,37.8,102,80.8,3808,65.4,22.8,3230,0.98,684.6,1.648,-6,,0.0414,80,50,146.4,6.54,5.32,1.36
B,5.313333333,23.90666667,0.29,63.6,136,0.052,0.3,0.04,112.4,124.4,49.2,11,27.2,40.4,94,80.2,3854,65.4,16.96,3244,0.98,700.8,1.648,-6,,0.0414,80,50,146.6,6.52,5.28,1.3
B,5.286666667,23.97333333,0.307333333,65.2,139.2,0.094,0.02,0.02,104,124.4,49.2,14.4,19.6,37.4,100,80,3850,65.4,16.32,3288,1.02,696.4,1.746,-5.6,,0.0372,80,50,146,6.54,5.26,1.42
A,5.346666667,23.92,0.326666667,66.4,139.4,0.104,0.12,0.02,109.8,121.8,49.6,20,20.6,39.2,90,81,3812,68.4,14.32,3338,1.54,680.8,3.044,-5.2,,0.034,80,50,146.6,7.16,5.4,2.98
B,5.233333333,23.98,0.342666667,68.4,143.4,0.062,0.18,0.1,108.2,123.8,50.4,20.4,21,36.6,100,109.8,3864,66,17.72,3290,0.94,703.2,1.548,-5.6,,0.0328,110,50,147,6.58,5.32,1.32
C,5.173333333,23.98,0.362,66.8,144.4,0.054,0.22,0.02,112.2,123,50,16.2,24.6,34.6,114,80,3910,66.4,21.66,3274,0.98,710,1.646,-5.4,,0.0336,80,50,146.8,6.5,5.28,1.68
C,5.306666667,23.98,0.314666667,64.2,137.4,0.086,0.12,0.02,111.6,124.8,50,15.6,29.6,32,102,100.2,3910,66.4,20.36,3290,0.98,708.6,1.646,-5.4,,0.0324,100,50,146.6,6.52,5.3,1.66
C,5.293333333,23.91333333,0.310666667,74.6,151.4,0.078,0.12,0.02,115.8,123.4,53.6,16.2,31.2,33,120,100.6,3916,68,21.4,3514,0.98,709.8,1.648,-5.4,,0.0368,100,50,146.8,6.58,5.36,1.72
B,5.346666667,24.04,0.285333333,76.4,151.8,0.162,0.14,0.04,98.8,120.8,50,8.2,22.4,33.8,102,79.4,3906,66.6,23.7,3286,0.9,703,1.448,-5.4,,0.0294,80,50,146.4,6.52,5.38,1.36
B,5.333333333,23.97333333,0.325333333,67.6,141.8,0.198,0.18,0.14,101.6,123,49.6,8.2,23,36.4,96,81,3908,66.4,16.48,3274,0.88,711.6,1.398,-5.4,,0.0304,80,50,146.4,6.52,5.4,1.32
B,5.306666667,24.1,0.218,67.8,142.4,0.058,0.04,0.02,119.6,123.6,50.2,12.4,35.4,35.4,98,90,4000,66,17.76,3262,0.9,729.2,1.448,-5.4,,0.0444,90,50,142.2,6.52,5.32,1.36
B,5.266666667,23.94666667,0.241333333,67.8,143.2,0.028,0.18,0.02,77,123,54,20.8,10.2,13.4,,96,1008,65.2,13.48,3224,0.8,290.6,1.198,-4.8,,0.0384,90,50,142.8,6.54,5.32,1.3
D,5.546666667,23.94,0.216666667,77.4,147.4,0.088,0.1,0.06,66.6,126.6,44.4,11,7.6,13.6,104,121.8,1010,65,19.16,3286,1.6,,3.19,-5.2,,0.0306,90,48,142.6,7.76,5.64,3.2
B,5.3,24.00666667,0.238666667,65,139,0.024,0.18,0.04,145.2,125.4,53,11.2,37.2,34.6,96,90.2,4010,65.2,18.64,3370,0.86,730.8,1.348,-5.2,,0.0344,90,50,142.2,6.54,5.32,1.32
B,5.333333333,24.00666667,0.221333333,71.4,147.8,0.01,0.34,0.12,77.2,123.6,51.2,14.8,10,11,80,93.2,1494,65.8,19.84,3766,0.74,349.8,1.048,-5,,0.0332,90,50,142.8,6.52,5.34,1.28
B,5.32,24,0.256,67.4,140.8,0.088,0.12,0.04,140.2,125,50.2,13.6,36.2,32.4,94,90.6,3994,65.4,21.86,3276,0.86,730.6,1.348,-5,,0.0334,90,50,142.2,6.52,5.34,1.3
B,5.306666667,24,0.259333333,64,137.6,0.094,0.14,0.04,0.2,129.6,45.4,0,0.2,-1.2,130,90,1008,65.8,23.16,40,0.72,,0.996,-5.2,,0.0312,90,50,143.2,6.52,5.32,1.28
,5.286666667,23.88666667,0.219333333,63.4,137.2,0.014,0.22,0.02,143.2,123.4,49.4,10.6,37.6,34.4,118,89.6,3996,68,21.3,3284,0.92,726.6,1.498,-5,,0.03,90,50,142.2,6.58,5.32,1.38
D,5.573333333,23.96,0.227333333,71.6,141,0.02,0.12,0.04,141.4,125.2,45.8,0.4,39,49,84,90.8,3998,66,17.6,3094,1.76,727.2,3.588,-5.8,,0.028,90,46,143.2,7.78,5.64,3.14
D,5.526666667,23.94,0.205333333,72.8,143.8,0.032,0.18,0.04,140.6,126,46.2,0.2,38.8,49.2,76,114.4,3894,66.4,17.68,2978,1.78,784.8,3.638,-6,,0.029,120,46,142.6,7.78,5.64,3.2
D,5.466666667,23.89333333,0.257333333,66.4,136.6,0.102,0.28,0.02,143.8,124.8,46.2,13.2,36.6,34,84,89.6,3952,65.8,20.32,3104,1.66,719.2,3.34,-5.6,,0.038,90,46,142.8,7.82,5.56,3.04
B,5.353333333,24.05333333,0.213333333,70.4,144.6,0.028,0.14,0.02,0.2,128,40,0.2,0.2,-1.2,126,120.8,1012,72,17.8,44,0.7,,0.95,-5.4,,0.057,90,46,142.2,6.56,5.32,1.34
B,5.3,23.96666667,0.318666667,66.8,140.8,0.112,0.3,0.12,0.2,127.4,45.6,0.2,0.2,-1.2,124,143.8,1012,67.2,19.42,44,0.76,,1.096,-5.2,,0.0352,120,46,142.2,6.54,5.32,1.38
B,5.36,24,0.263333333,68.4,141.8,0.02,0.12,0.04,145,125,49.6,18.2,37.4,30.2,100,90,3980,64.6,23.84,3256,0.96,727,1.598,-5.4,,0.0292,90,50,142.2,6.56,5.36,1.44
B,5.28,23.88666667,0.325333333,66.2,140.6,0.042,0.14,0.04,146,123.8,49.6,14.4,36,35,98,90,3984,65.8,16.6,3248,0.98,727.2,1.648,-5.4,,0.038,90,50,142.4,6.56,5.34,1.42
B,5.353333333,23.83333333,0.258666667,68.6,142.2,0.042,0.2,0.04,143.8,124.2,50,12.6,35.2,35.8,102,89.8,3982,65.4,17.16,3262,0.92,724.8,1.498,-5.4,,0.038,90,50,142.4,6.56,5.36,1.36
B,5.326666667,23.92,0.267333333,66.8,141,0.036,0.34,0.06,120.6,122.4,50.2,5.8,30.6,30.4,98,120.2,3988,65.4,17.42,3146,0.92,730.6,1.498,-5.4,,0.033,120,50,142.4,6.56,5.36,1.3
B,5.3,23.84666667,0.282,72.4,148.2,0.014,0.18,0.08,126.8,124.4,50,7.2,31.8,30,96,70.4,3978,65.2,17.82,3264,0.98,726.6,1.648,-5.4,,0.0346,70,50,141.4,6.56,5.32,1.42
B,5.293333333,23.98,0.286,67.4,142.6,0.098,0.16,0.06,135.6,126,50.4,15.2,32.4,32,98,69.4,3980,65.4,18.08,3280,0.98,728.4,1.648,-5.2,,0.0338,70,50,142.6,6.54,5.32,1.44
A,5.473333333,23.9,0.212,68.4,139,0.172,0.04,0.02,0.2,128.4,54.8,0,0.2,-1.2,140,95.8,1008,65.6,23.26,44,1.6,,3.192,-5,,0.0306,70,50,142.2,7.06,5.54,3.12
B,5.293333333,23.83333333,0.348666667,66.4,140.2,0.06,0.18,0.04,165.6,125.2,50,28.6,34.8,34.6,96,69.6,3892,65.2,23.64,3418,0.86,706.6,1.348,-5,,0.0336,70,50,141.4,6.58,5.32,1.3
B,5.32,24.02666667,0.261333333,69.8,145.2,0.08,0.18,0.1,136,124,49.8,9.6,36.2,32.2,96,70.4,3996,65.8,24.16,3348,0.9,730.6,1.448,-5,,0.0452,70,50,142,6.56,5.3,1.38
D,5.48,23.94,0.204,76,148.4,0.142,0.12,0,137.8,128,50.4,7.6,37.6,35.2,82,69.2,3894,65,23.86,3348,1.7,712.4,3.44,-5,,0.0318,70,50,142.6,7.76,5.64,3.2
B,5.313333333,23.92666667,0.338666667,62.6,136.4,0.196,0.2,0.08,134,123.8,48.6,12,31,33,96,70.2,3904,65.4,23.58,3268,0.96,716.6,1.596,-5.2,,0.0316,70,46,143,6.56,5.3,1.36
B,5.24,23.92666667,0.305333333,66.6,142,0.008,0.14,0.04,124.2,127.4,50,11,27.6,29.8,98,70.8,3922,65.4,23.5,3350,0.9,716,1.448,-5.2,,0.0396,70,50,142.6,6.56,5.28,1.34
B,5.26,24.04666667,0.272,77.6,,0.108,0.02,0.04,132,128.4,50.2,15.2,29.4,32,100,70.4,3892,65.4,23.72,3364,0.88,708,1.398,-5.2,,0.0308,70,50,142.6,6.56,5.3,1.34
C,5.32,24.02666667,0.242,62.6,135.4,0.066,0.3,0.04,133.4,125.4,50.2,11.4,33.2,31.8,94,100.4,3898,65.4,23.6,3272,1,714.4,1.698,-5.6,,0.03,100,50,141.8,6.58,5.44,1.56
C,5.286666667,23.97333333,0.275333333,61.8,134.2,0.092,0.24,0.02,119.2,125.8,49.8,8.8,28,28,100,110,3892,66,23.98,3276,1.1,704.4,1.946,-5.4,,0.0358,110,50,141.8,6.62,5.46,1.84
D,5.526666667,23.83333333,0.146666667,69,138.8,0.014,0.12,0.02,69.4,128.6,48.4,8,7.4,21,128,115.6,1012,65.8,24.1,3200,1.64,95,3.29,-5.2,,0.0556,120,50,142,7.74,5.32,3.18
B,5.266666667,24.09333333,0.322,67.6,142.8,0.136,0.22,0.02,126.4,125.2,51.2,15.4,26.6,28.4,100,88.6,3918,65,23.62,3318,0.92,734.6,1.498,-5.6,,0.0382,90,50,142,6.56,5.26,1.36
A,5.433333333,23.95333333,0.215333333,72,144.2,0.104,0.1,0.02,128,123.2,54.6,3.4,35,35.2,102,90.4,3906,65.4,23.78,3426,1.68,712.8,3.39,-5.8,,0.0368,90,50,143.2,7.12,5.46,3.08
A,5.44,23.92,0.252666667,68.6,141,0.038,0.36,0.06,115.4,124.4,51,4.8,27.4,30.6,102,93.2,3904,64.8,23.56,3296,1.6,712.4,3.19,-5.4,,0.0412,90,50,143,7.12,5.44,3.06
B,5.393333333,23.99333333,0.256666667,67.4,140.2,0.14,0.24,0.06,119.2,124,50,6.8,27.2,31.2,100,116.4,3904,65.8,23.8,3248,0.94,726.4,1.548,-5.2,,0.0318,120,50,142.8,6.56,5.36,1.38
D,5.393333333,24.17333333,0.127333333,73.2,146.2,0.018,0.16,0.06,128.4,124,50.4,12.8,28.2,32.2,84,89,3906,65.4,23.9,3272,1.68,719.8,3.39,-5,,0.0476,90,50,143.4,7.74,5.56,3.18
D,5.5,23.81333333,0.11,77.2,149.4,0.034,0.12,0,2.8,132.8,46.4,0.4,0.2,-1.2,116,92.8,1016,66.2,23.98,42,1.7,,3.44,-5.8,,0.0504,90,46,142.8,7.7,5.6,3.22
D,5.54,24.03333333,0.264666667,72.2,142.8,0.094,0.28,0.06,137.2,123.4,49.8,19.6,30.4,30.8,86,101.8,3908,65.8,23.84,3272,1.78,701.2,3.638,-5.6,,0.0332,100,46,143.6,7.7,5.5,3.32
B,5.46,24.04666667,0.321333333,67,137.2,0.018,0.2,0.04,140.2,122.8,49.8,14,33,33.2,92,91.2,4002,69,23.42,3190,1.06,727.8,1.848,-5.8,,0.0326,90,50,142.4,6.52,5.48,1.46
A,5.466666667,24.01333333,0.275333333,70,141.2,0.08,0.2,0.02,143.4,121,54.8,11,38.4,34.6,102,89.8,3994,65.4,24.22,3496,1.58,733.8,3.142,-5.4,,0.0342,90,50,142.8,7.16,5.54,2.98
A,5.453333333,23.94666667,0.202666667,63.4,132.8,0.072,0.1,0.02,145.6,123.4,50,10.4,38.6,39,82,90,3898,65.8,24.16,3266,1.54,712.8,3.042,-5.2,,0.0338,90,50,142.4,7.16,5.56,2.92
A,5.146666667,23.9,0.104666667,63.4,139.8,0.042,0.26,0.04,134.4,123.8,50.6,13.6,32.6,31.2,100,90,3892,66.2,23.94,3308,0.98,711.6,1.646,-5.4,,0.0434,90,50,142,6.52,5.46,1.42
B,5.34,23.93333333,0.344666667,62.4,134.4,0.214,0.06,0.08,125.2,124.2,54.8,10.2,29.8,29,98,101,3954,65.4,23.48,3398,0.94,717.2,1.548,-5.2,,0.0428,100,50,142.8,6.54,5.38,1.4
D,5.473333333,23.96666667,0.316666667,72.4,144.6,0.078,0.22,0.08,129.4,126.2,46.2,7,35,31.4,78,90.4,3892,64.2,23.88,3098,1.8,707,3.686,-5.4,,0.053,90,46,142.2,7.72,5.58,3.32
D,5.553333333,24.06666667,0.234666667,66.6,136.4,0.036,0.28,0.12,114.8,124.6,49.4,2.2,30,29.8,80,96.2,3902,65.2,23.8,3134,1.76,740.4,3.588,-5.6,,0.04,90,46,143.2,7.74,5.58,3.28
B,5.286666667,,0.206,65.4,139.4,0.076,0.16,0.04,90,132.6,56.4,0.8,8.4,20,100,80.8,1378,66.8,23.86,3778,0.92,142.2,1.496,-6,,0.0536,90,46,144.4,6.52,5.18,1.4
C,5.346666667,24.07333333,0.266,68.2,142.4,0.094,0.2,0.06,153.6,125.4,50.2,20.4,38,31.8,92,137,3996,66,23.68,2990,1.04,783.2,1.796,-6.2,,0.0304,120,50,142.6,6.6,5.36,1.6
B,5.366666667,24.06666667,0.268,69,142,0.126,0.1,0.02,151.8,123.6,50,21.2,35.6,33.2,92,89.8,3998,66.8,24.08,3260,1.06,730.4,1.846,-6.2,,0.0306,90,50,141.6,6.54,5.36,1.46
D,5.553333333,23.90666667,0.22,68.6,137.2,0.092,0.16,0.02,147.6,124.8,47.2,14.6,36.2,35.2,84,107.4,3892,66.4,23.6,3068,1.82,690,3.738,-6.4,,0.0312,90,46,142.6,7.74,5.6,3.26
D,5.566666667,23.9,0.234666667,68.2,138,0.124,0.2,0.12,143.2,125.4,46,13.2,35.4,33.4,80,90.2,3892,66.6,23.74,3018,1.84,708.6,3.788,-6.4,,0.0322,90,46,142.6,7.74,5.6,3.26
B,5.213333333,23.92666667,0.256,73.2,151.6,0.148,0.32,0.04,0.2,130.4,55,-0.4,0.2,-1.2,130,90,1010,66,23.84,44,1.58,,3.142,-5.4,,0.0484,90,50,143.4,7.16,5.44,3.02
,5.46,24.01333333,0.228,68.8,140,0.05,0.32,0.04,154.2,123.4,58,29.2,31.2,33,128,117,3504,68.2,23.98,1048,1,612.8,1.698,-5.8,,0.0486,120,50,143.2,6.6,5.44,1.44
,5.34,23.98666667,0.282666667,64.6,137.6,0.094,0.08,0.04,144,133.2,50.8,11.2,36,36.6,82,103,3912,67,24.12,1064,1.08,702,1.896,-5.8,,0.0348,100,50,143.6,6.58,5.38,1.36
C,5.406666667,24.01333333,0.288666667,69,141.6,0.096,0.06,0.02,132,124.2,50,16.4,27,29.8,116,99.2,3910,66.2,23.74,1086,0.92,707,1.496,-5.6,,0.046,100,50,143,6.6,5.44,1.5
C,5.433333333,24.04,0.220666667,65.6,136.8,0.088,0.28,0.02,137.8,127,50,14.6,32.6,30.2,116,100,3904,66.6,23.48,1074,1,711.6,1.696,-5.8,,0.0358,100,50,142.2,6.48,5.42,1.48
C,5.36,23.94666667,0.252,68,141.8,0.162,0.08,0.04,136.2,125.4,50,9.4,34.6,31.4,90,100.2,3910,65.8,23.72,1060,1.06,708,1.846,-6,,0.0326,100,50,142.6,6.5,5.36,1.5
B,5.286666667,23.96,0.263333333,65,140,0.01,0.04,0.1,147.8,124.2,50.2,18.6,35.4,31.8,98,99.6,3906,65.8,24.2,1062,0.94,715.4,1.548,-5.8,,0.0158,100,50,142.8,6.54,5.28,1.32
A,5.546666667,24.08666667,0.098666667,70.2,140,0.042,0.22,0.04,149,126,50.2,18,35.4,32.6,106,89.8,3998,65.4,23.68,1064,1.72,728.8,3.49,-5.6,,0.0114,90,50,142.4,7.1,5.52,3.26
A,5.36,23.87333333,0.216666667,75,150.8,0.084,0.04,0.06,193,123.8,49.8,44.4,45.8,40,96,89.8,3600,65.2,24.08,1070,1.6,658.6,3.19,-5.6,,0.03,90,50,142.4,7.18,5.52,3.04
B,5.193333333,23.98,0.152,68.8,145.8,0.02,0.26,0.06,163.4,123,50.2,13.4,45,40.6,96,90.8,3910,65.2,23.68,1068,1.02,720.2,1.746,-5.8,,0.0026,90,50,142.4,6.56,5.34,1.44
B,5.24,24.01333333,0.247333333,67,142.6,0.076,0.2,0.08,164.2,123.2,49.8,14.2,45,41.2,100,90.8,3908,64.8,24.24,1070,0.96,708.8,1.598,-5.4,,0.0048,90,50,142.6,6.56,5.26,1.38
D,5.52,23.97333333,0.3,69.4,139.4,0.136,0.1,0,146.8,125,44,21,34.8,31.8,74,99.4,4008,65.4,24.22,1098,1.8,734.4,3.688,-5,,0.009,100,44,143.2,7.68,5.6,3.38
D,5.553333333,24.01333333,0.232666667,71.6,141.4,0.142,0.18,0.02,139.2,123.4,46,7,36.2,33,82,121.4,3978,64.6,23.88,1084,1.84,727.2,3.786,-5.6,,0.0094,120,46,142.4,7.66,5.66,3.4
B,5.253333333,24.00666667,0.321333333,65.6,141,0.134,0.36,0.04,147.6,126.4,50.2,11.8,38,32,96,120,3980,65.4,23.96,1090,0.94,727.8,1.548,-5.8,,0.0026,120,50,142,6.58,5.28,1.3
B,5.306666667,23.96666667,0.236,63.4,135.6,0.096,0.24,0.06,133.2,127.6,50.4,6.8,34.4,30,104,109.6,3990,65,23.5,1082,0.94,726.2,1.548,-5.8,,0.0026,110,50,143,6.54,5.34,1.36
B,5.32,24.04,0.268666667,65.2,137.4,0.136,0.3,0.06,127.8,126.4,50.2,8,31,28.6,102,111,3998,64.8,23.92,1092,0.96,726.4,1.598,-5.6,,0.0026,110,50,142.8,6.54,5.36,1.36
C,5.47,24.11333333,0.285333333,75,147.6,0.108,0.1,0.02,162,119.4,54.6,24.8,37.4,36.6,98,110.8,3996,66.2,24.04,1062,1.14,744.2,2.046,-5.6,,0.0026,110,50,142.6,6.4,5.56,1.82
D,5.5,24.12666667,0.242666667,68.6,138.6,0.112,0.42,0,146,126,46,9,39.8,35.8,86,109.2,3992,65,24.1,1064,1.84,729.6,3.786,-5.6,,0.0154,110,46,142.4,7.64,5.6,3.42
A,5.433333333,24.00666667,0.255333333,74.6,147.6,0.092,0.06,0.02,148.8,128.6,50.8,12.2,38.6,37.6,106,110.6,3996,66.4,23.8,1062,1.74,722.4,3.54,-5.6,,0.0066,110,50,142.4,7.12,5.62,3.3
B,5.333333333,23.92,0.134666667,70.6,145.2,0.068,0.34,0.08,0.2,128.4,52.6,-0.6,0.2,-1.2,134,110.2,,72,23.74,44,0.9,,1.402,-5.2,,0.0036,110,50,142.2,6.42,5.3,1.44
B,5.36,24.06,0.219333333,71.4,145.4,0.118,0.08,0,149.8,126.8,50.4,21.6,34,32.4,92,110.2,3992,66,23.98,1090,0.94,722.6,1.548,-5.2,,0.0048,110,50,142.2,6.52,5.42,1.3
B,5.28,24.06,0.218,64.8,140,0.058,0.34,0.08,154.4,129.6,50.2,18.6,38,35.8,98,110.4,3994,64.2,23.78,1076,0.96,727.8,1.598,-5.4,,0.0026,110,50,142.4,6.56,5.34,1.36
B,5.313333333,23.94666667,0.288666667,65.4,139.2,0.046,0.2,0.02,146.2,123.8,51.8,16.2,36.2,32.8,96,110.4,3992,64.4,23.58,1072,0.96,723.4,1.598,-5.4,,0.0026,110,50,142.8,6.56,5.36,1.36
B,5.24,24.05333333,0.244666667,60.2,134.2,0.042,0.18,0.04,153.6,131,50.2,15.2,39,36.8,90,109,3992,65,24.12,1076,0.94,729.4,1.548,-5.2,,0.0026,110,50,143.2,6.56,5.34,1.36
B,5.2,23.90666667,0.318666667,70.6,146.6,,0.18,0.1,148.4,123.8,50.2,21.2,33.2,32.8,96,110.4,3988,64.2,23.74,1080,0.94,728,1.548,-5.2,,0.0196,110,50,142.6,6.56,5.38,1.36
B,5.273333333,24.02666667,0.222,69.2,145.2,0.132,0.38,0.04,147.4,123.2,52.8,21,32,32.8,104,111,3988,65.2,24.18,1074,0.88,734.2,1.398,-5,,0.023,110,50,142,6.54,5.34,1.36
D,5.633333333,24.00666667,0.194666667,76,144,0.032,0.08,0.08,153.8,121.8,53,22,36,33.4,80,77.4,3996,64.8,23.96,1074,1.82,735.4,3.736,-5.4,,0.0218,110,50,142.6,7.64,5.74,3.42
D,5.593333333,24.04666667,0.231333333,75.8,146.2,0.094,0.2,0.06,146,124.2,53.6,13.2,37.4,35.6,80,93.4,4006,65.2,23.62,1060,1.82,720.6,3.736,-5.6,,0.0282,110,46,143.2,7.68,5.7,3.38
,5.26,23.95333333,0.230666667,65.2,140,0.056,0.02,0.04,155.4,127.8,44.4,22,37.4,35.4,84,109.4,3990,68.4,23.78,1074,1.04,725.8,1.798,-5,,0.0166,110,44,143.2,6.56,5.36,1.62
B,5.346666667,23.92,0.181333333,69.2,143.8,0.108,0.36,0.04,167.8,131.2,44.2,24.2,40.2,37.8,102,110.2,3990,67.4,23.82,1076,0.96,732.2,1.596,-5.4,,0.0162,110,44,143.4,6.5,5.48,1.32
B,5.246666667,23.96666667,0.202666667,75,153.8,0.09,0.32,0.1,152,130.2,44,13.4,40.6,36,104,110.2,3994,65.6,23.56,1078,0.94,728.6,1.548,-5.8,,0.0126,110,44,143.4,6.56,5.38,1.34
B,5.42,24.04,0.216,74,147.4,0.062,0.3,0.04,145.6,124.2,51.2,11,37.4,34.6,92,110.2,3992,66.8,23.66,1054,1.04,726.2,1.796,-5.6,,0.0102,110,50,143.2,6.5,5.46,1.5
B,5.36,23.98,0.216666667,66.8,140.2,0.118,0.42,0.04,124,124.8,50,6.4,32,27.2,92,109.4,3994,67,24,1066,1,731,1.696,-5.6,,0.0108,110,50,142.6,6.52,5.36,1.38
B,5.393333333,24.02666667,0.244666667,68.6,141,0.092,0.42,0.1,147.8,123.8,50.2,20.2,34,33,100,109,3996,67.6,23.72,1062,0.96,725.4,1.598,-5.2,,0.0124,110,50,143,6.5,5.42,1.38
D,5.586666667,24.03333333,0.214666667,73.4,142.6,0.106,0.2,0.14,147.4,125.4,51.6,19.4,36.6,30.8,84,110.4,3992,66.8,23.74,1058,1.82,728.4,3.738,-5.4,,0.0096,110,50,142.4,7.68,5.7,3.42
D,5.58,24.05333333,0.18,73.4,142.6,0.102,0.08,0.08,0.2,130,44.2,-0.6,0.2,-1.2,110,110.8,1406,75.2,23.88,44,1.76,,3.61,-5.4,,0.0292,110,50,143,7.66,5.66,3.42
A,5.48,24.07333333,0.218,68.2,138.6,0.096,0.22,0,145.4,121.4,50.2,23,32.6,31.4,112,109.2,3992,67.8,23.86,1074,1.68,737.4,3.392,-5,,0.0118,110,50,142.8,7.06,5.58,3.34
B,5.24,23.99333333,0.238666667,62.4,137.6,0.1,0.14,0.12,151,123.6,50.2,25.4,34.4,31.4,96,110.2,3992,66,23.54,1064,0.94,724.2,1.548,-4.8,,0.0042,110,50,142.2,6.5,5.42,1.44
B,5.34,24,0.19,64.8,137.8,0.052,0.18,0.04,149.2,123.2,50.4,25.2,34.2,30.8,88,110.8,3992,66.2,23.6,1064,0.94,762.4,1.548,-4.8,,0.0062,120,50,142.4,6.5,5.42,1.44
B,5.373333333,23.92,0.196,65.8,138,0.076,0.08,0.02,146,120.2,49.6,27.4,32.6,30.8,104,107.4,3786,66.2,23.56,1056,0.9,661,1.448,-4.8,,0.0024,110,50,142.2,6.5,5.4,1.46
D,5.6,24.04,0.216666667,68.4,136.8,0.074,0.12,0.04,151.6,124.8,46,24.8,34.6,32.8,76,106,3992,64,23.92,1064,1.78,738.6,3.638,-5.2,,0.0024,110,46,141.6,7.68,5.74,3.36
D,5.666666667,23.99333333,0.215333333,71.2,135,0.094,0.38,,0.2,127.6,37.8,-0.8,0.2,-1.2,114,110,1404,65,23.84,42,1.76,,3.588,-5.8,,0.0026,110,44,142.4,7.64,5.6,3.42
B,5.246666667,23.96666667,0.376,67.2,142.4,0.066,0.08,0.04,131,125.2,43.6,7,34,32,96,111,3992,65.6,23.68,1056,1.06,724.4,1.846,-6,,0.0026,110,44,142.8,6.58,5.32,1.5
B,5.393333333,24.06666667,0.238666667,63.4,134.6,0.204,0.14,0.02,0.2,130.8,44,-0.8,0.2,-1.2,126,109.4,1406,72.4,23.68,42,0.68,,0.902,-5,,0.0026,110,50,142.4,6.52,5.4,1.44
B,5.213333333,23.94666667,0.198,76.4,154,0.122,0.56,0.14,154.4,126,53.4,16.8,33.6,36.8,102,109.4,3998,66.2,23.64,1066,0.96,730.8,1.596,-5,,0.006,110,50,141.6,6.58,5.3,1.48
B,5.26,23.94666667,0.252,69.6,145.8,0.078,0.14,0,81.8,125.2,51,19.2,4.2,13.6,,115.2,1402,65.8,23.88,668,0.84,,1.298,-4.8,,0.0196,110,50,141.8,6.6,5.28,1.38
D,5.526666667,23.95333333,0.242,76.2,146.6,0.128,0.24,0.06,160,122.4,50,26.2,32,35,82,109.6,3990,64.6,23.58,1070,1.68,725.8,3.39,-4.6,,0.0476,110,50,141.6,7.68,5.56,3.28
D,5.58,23.85333333,0.202,77,147,0.028,0.36,0.04,162.8,126.4,44,27.2,33,36,76,110.6,3990,64.4,24.18,1068,1.72,722.6,3.488,-4.8,,0.0136,110,44,142.4,7.68,5.64,3.32
,5.2,24.00666667,,62.6,137.8,0.036,0.18,0.04,0.2,125,,-1,0.2,-1.2,128,,1410,73.8,23.76,38,,582.2,,-4.6,,0.011,110,44,141.8,,,0
,5.273333333,24.02666667,0.301333333,68.8,145,0.13,0.06,0.06,165.4,125.4,48.2,15.2,36.2,38.4,116,110.2,4002,67,23.76,1044,0.54,749.2,1.766,-5.2,,0.0282,110,44,142,6.62,5.56,1.52
D,5.5,23.95333333,0.338666667,69.8,140.6,0.02,0.36,0.14,173.2,129.6,50.8,31.8,33.8,37.4,76,98.4,3994,65.4,23.84,1048,1.32,718.8,3.714,-6,,0.0148,110,50,142.6,7.68,5.5,3.32
B,5.16,23.96666667,0.294666667,64.8,142.2,0.076,0.14,0.04,194.4,122,50,26.4,35.8,42,100,110.4,3996,65.8,23.82,1116,0.5,727,1.666,-5.6,,0.0108,110,50,142.2,6.54,5.24,1.44
B,5.286666667,23.96,0.274,66,140.2,0.218,0.1,0.02,185.2,123,49.8,25,35.2,36.6,98,109.6,3994,65,23.96,1124,0.52,728.2,1.716,-5.8,,0.0026,110,50,142,6.52,5.28,1.38
D,5.58,23.92,0.258,68.8,137,0.182,0.2,0.16,178,123.2,46,15.4,34.4,41.6,80,110.2,3992,65.8,23.82,1184,1.32,732.4,3.714,-5.8,,0.0026,110,46,142,7.64,5.64,3.3
D,5.506666667,24.08,0.193333333,77,148.6,0.096,0.04,0.04,156.8,117.6,54,10.4,29.8,36.4,82,100.6,3996,65,23.92,1226,1.34,667,3.764,-5.8,,0.0074,110,46,141.8,7.66,5.62,3.38
B,5.386666667,24.04,0.222666667,66.4,138.2,0.096,0.2,0.04,133.4,122.8,54.8,10.2,21.4,27.8,104,105.8,2766,65,23.94,1188,0.46,560.2,1.566,-5.8,,0.0038,110,50,142.4,6.6,5.38,1.46
D,5.573333333,24.08666667,0.234,62.8,130,0.054,0.06,0.02,177.2,123.6,47.8,20.4,34.8,38,78,110.6,4008,63.8,24.32,1184,1.34,735,3.764,-5.6,,0.0024,110,48,142.6,7.74,5.62,3.36
C,5.42,24.02666667,0.272666667,62.6,132.6,0.128,0.14,0.04,174.8,124.2,54.6,20,33,40.6,124,111.2,3992,64.4,23.72,1180,0.6,746.6,1.918,-6.2,,0.0068,110,50,142,6.52,5.36,1.62
C,5.253333333,24.09333333,0.360666667,68.2,144.6,0.06,0.14,0.08,143.8,121.8,49.6,14,25.6,34,106,109.4,3992,65,23.58,1180,0.6,725.6,1.918,-6,,0.0026,110,50,142.2,6.5,5.24,1.62
C,5.22,23.96,0.224666667,64.4,140,0.126,0.4,0.04,170.8,125,50.2,25,28.6,38,116,110.2,3994,65,24.16,1178,0.58,731.6,1.868,-5.8,,0.0062,110,50,142.8,6.54,5.22,1.62
